ts;queue_s;queue_o;queue_c;util_ct;util_or
87160;0;0;0;0;1
87170;0;3;0;0;0.666667
87180;2;0;11;0;0.666667
87190;4;3;16;0.666667;1
87200;11;2;10;0;0.666667
87210;20;0;1;1;0
87220;22;12;0;0.666667;0.666667
87230;26;19;20;0.333333;0
87240;26;20;22;0.333333;1
87250;7;31;37;1;0
87260;5;38;41;0.333333;0.666667
87270;0;29;37;0;0.333333
87280;0;13;30;0;0
